{
    "Staffed All Beds": [
        1110.0,
        4003.0,
        11195.0,
        19062.5,
        82572.0
    ],
    "Staffed ICU Beds": [
        94.0,
        375.5,
        951.0,
        2262.0,
        7881.0
    ],
    "Licensed All Beds": [
        1703.0,
        5052.5,
        14456.0,
        25066.5,
        99574.0
    ],
    "All Bed Occupancy Rate": [
        0.4,
        0.565,
        0.61,
        0.67,
        0.79
    ],
    "ICU Bed Occupancy Rate": [
        0.1514360313315927,
        0.5746595570139459,
        0.63,
        0.7059852216748768,
        0.8577055637616937
    ],
    "Staffed All Beds [Per 1000 People]": [
        1.713,
        2.1295,
        2.479,
        2.9695,
        4.541
    ],
    "Staffed All Beds [Per 1000 Adults (20+)]": [
        2.266,
        2.865,
        3.277,
        4.0634999999999994,
        5.761
    ],
    "Staffed All Beds [Per 1000 Elderly (65+)]": [
        9.158,
        13.0535,
        15.352,
        18.355,
        37.396
    ],
    "Staffed ICU Beds [Per 1000 People]": [
        0.086,
        0.1885,
        0.254,
        0.3025,
        0.491
    ],
    "Staffed ICU Beds [Per 1000 Adults (20+)]": [
        0.114,
        0.2485,
        0.343,
        0.401,
        0.623
    ],
    "Staffed ICU Beds [Per 1000 Elderly (65+)]": [
        0.532,
        1.208,
        1.53,
        1.9,
        4.044
    ],
    "Licensed All Beds [Per 1000 People]": [
        2.157,
        2.6580000000000004,
        3.259,
        3.937,
        6.581
    ],
    "Licensed All Beds [Per 1000 Adults (20+)]": [
        2.819,
        3.5,
        4.362,
        5.3325,
        8.349
    ],
    "Licensed All Beds [Per 1000 Elderly (65+)]": [
        11.741,
        16.921,
        19.933,
        23.8155,
        54.195
    ]
}