{
    "Staffed All Beds": [
        308.0,
        22918.0
    ],
    "Staffed ICU Beds": [
        17.0,
        2240.0
    ],
    "Licensed All Beds": [
        308.0,
        25085.0
    ],
    "All Bed Occupancy Rate": [
        0.12,
        0.82
    ],
    "ICU Bed Occupancy Rate": [
        0.3,
        0.9
    ],
    "Population": [
        128223.63721730947,
        9969705.944106305
    ],
    "Population (20+)": [
        96751.49507946409,
        7539251.227585659
    ],
    "Population (65+)": [
        21207.929661900936,
        1352204.2862648512
    ]
}