{
    "Staffed All Beds": [
        308.0,
        840.5,
        1554.0,
        3087.75,
        23177.0
    ],
    "Staffed ICU Beds": [
        18.0,
        76.75,
        152.0,
        301.25,
        2313.0
    ],
    "Licensed All Beds": [
        370.0,
        1139.0,
        2006.5,
        3914.5,
        27506.0
    ],
    "All Bed Occupancy Rate": [
        0.35,
        0.53,
        0.6,
        0.67,
        0.93
    ],
    "ICU Bed Occupancy Rate": [
        0.1,
        0.54,
        0.62,
        0.69,
        0.97
    ],
    "Staffed All Beds [Per 1000 People]": [
        0.701,
        2.01525,
        2.574,
        3.147,
        10.319
    ],
    "Staffed All Beds [Per 1000 Adults (20+)]": [
        0.918,
        2.63975,
        3.439,
        4.178,
        13.352
    ],
    "Staffed All Beds [Per 1000 Elderly (65+)]": [
        4.689,
        12.03575,
        15.21,
        19.293,
        63.137
    ],
    "Staffed ICU Beds [Per 1000 People]": [
        0.063,
        0.1825,
        0.2375,
        0.31525000000000003,
        1.235
    ],
    "Staffed ICU Beds [Per 1000 Adults (20+)]": [
        0.082,
        0.239,
        0.3165,
        0.41825,
        1.651
    ],
    "Staffed ICU Beds [Per 1000 Elderly (65+)]": [
        0.418,
        1.0702500000000001,
        1.426,
        1.8182500000000001,
        6.878
    ],
    "Licensed All Beds [Per 1000 People]": [
        0.775,
        2.55425,
        3.441,
        4.21925,
        12.613
    ],
    "Licensed All Beds [Per 1000 Adults (20+)]": [
        1.015,
        3.4490000000000003,
        4.551,
        5.66525,
        16.32
    ],
    "Licensed All Beds [Per 1000 Elderly (65+)]": [
        5.183,
        15.48625,
        20.3235,
        25.9695,
        77.174
    ]
}