{
    "Staffed All Beds": [
        0.0,
        25.0,
        49.0,
        198.75,
        23071.0
    ],
    "Staffed ICU Beds": [
        0.0,
        0.0,
        5.0,
        18.0,
        2305.0
    ],
    "Licensed All Beds": [
        0.0,
        25.0,
        75.0,
        268.0,
        29907.0
    ],
    "All Bed Occupancy Rate": [
        0.0,
        0.24,
        0.4,
        0.58,
        1.0
    ],
    "ICU Bed Occupancy Rate": [
        0.0,
        0.34,
        0.52,
        0.66,
        1.0
    ],
    "Staffed All Beds [Per 1000 People]": [
        0.0,
        1.2095,
        1.9740000000000002,
        3.067,
        31.033
    ],
    "Staffed All Beds [Per 1000 Adults (20+)]": [
        0.0,
        1.585,
        2.627,
        4.104,
        42.572
    ],
    "Staffed All Beds [Per 1000 Elderly (65+)]": [
        0.0,
        6.511,
        10.8935,
        17.347749999999998,
        151.885
    ],
    "Staffed ICU Beds [Per 1000 People]": [
        0.0,
        0.0,
        0.11,
        0.235,
        27.452
    ],
    "Staffed ICU Beds [Per 1000 Adults (20+)]": [
        0.0,
        0.0,
        0.146,
        0.313,
        37.66
    ],
    "Staffed ICU Beds [Per 1000 Elderly (65+)]": [
        0.0,
        0.0,
        0.596,
        1.31875,
        134.36
    ],
    "Licensed All Beds [Per 1000 People]": [
        0.0,
        1.615,
        2.674,
        4.191,
        97.226
    ],
    "Licensed All Beds [Per 1000 Adults (20+)]": [
        0.0,
        2.1422499999999998,
        3.5700000000000003,
        5.585,
        120.423
    ],
    "Licensed All Beds [Per 1000 Elderly (65+)]": [
        0.0,
        8.61825,
        14.544,
        23.12575,
        463.326
    ]
}