{
    "Staffed All Beds": [
        0.0,
        2750.25,
        5500.5,
        8250.75,
        11001.0,
        13751.25,
        16501.5,
        19251.75,
        22002.0
    ],
    "Staffed ICU Beds": [
        0.0,
        259.625,
        519.25,
        778.875,
        1038.5,
        1298.125,
        1557.75,
        1817.375,
        2077.0
    ],
    "Licensed All Beds": [
        2.0,
        3011.5,
        6021.0,
        9030.5,
        12040.0,
        15049.5,
        18059.0,
        21068.5,
        24078.0
    ],
    "All Bed Occupancy Rate": [
        0.0,
        0.125,
        0.25,
        0.375,
        0.5,
        0.625,
        0.75,
        0.875,
        1.0
    ],
    "ICU Bed Occupancy Rate": [
        0.0,
        0.125,
        0.25,
        0.375,
        0.5,
        0.625,
        0.75,
        0.875,
        1.0
    ],
    "Staffed All Beds [Per 1000 People]": [
        0.0,
        4.118125,
        8.23625,
        12.354375000000001,
        16.4725,
        20.590625,
        24.708750000000002,
        28.826875,
        32.945
    ],
    "Staffed All Beds [Per 1000 Adults (20+)]": [
        0.0,
        5.255,
        10.51,
        15.765,
        21.02,
        26.275,
        31.53,
        36.785,
        42.04
    ],
    "Staffed All Beds [Per 1000 Elderly (65+)]": [
        0.0,
        60.562,
        121.124,
        181.68599999999998,
        242.248,
        302.81,
        363.37199999999996,
        423.93399999999997,
        484.496
    ],
    "Staffed ICU Beds [Per 1000 People]": [
        0.0,
        0.466,
        0.932,
        1.3980000000000001,
        1.864,
        2.33,
        2.7960000000000003,
        3.262,
        3.728
    ],
    "Staffed ICU Beds [Per 1000 Adults (20+)]": [
        0.0,
        0.599625,
        1.19925,
        1.7988749999999998,
        2.3985,
        2.998125,
        3.5977499999999996,
        4.197375,
        4.797
    ],
    "Staffed ICU Beds [Per 1000 Elderly (65+)]": [
        0.0,
        2.353,
        4.706,
        7.059000000000001,
        9.412,
        11.765,
        14.118000000000002,
        16.471,
        18.824
    ],
    "Licensed All Beds [Per 1000 People]": [
        0.092,
        12.23375,
        24.3755,
        36.51725,
        48.659,
        60.80075,
        72.9425,
        85.08425,
        97.226
    ],
    "Licensed All Beds [Per 1000 Adults (20+)]": [
        0.128,
        15.164875,
        30.20175,
        45.238625,
        60.2755,
        75.312375,
        90.34925,
        105.386125,
        120.423
    ],
    "Licensed All Beds [Per 1000 Elderly (65+)]": [
        0.493,
        60.993375,
        121.49374999999999,
        181.994125,
        242.4945,
        302.994875,
        363.49525,
        423.99562499999996,
        484.496
    ]
}