{
    "Staffed All Beds": [
        1110.0,
        4002.0,
        11195.0,
        19172.5,
        82682.0
    ],
    "Staffed ICU Beds": [
        94.0,
        365.5,
        1133.0,
        1855.0,
        7894.0
    ],
    "Licensed All Beds": [
        1696.0,
        5138.0,
        15095.0,
        25740.5,
        105323.0
    ],
    "All Bed Occupancy Rate": [
        0.4,
        0.565,
        0.6,
        0.66,
        0.76
    ],
    "ICU Bed Occupancy Rate": [
        0.36,
        0.58,
        0.63,
        0.665,
        0.79
    ],
    "Staffed All Beds [Per 1000 People]": [
        1.713,
        2.1295,
        2.495,
        2.9779999999999998,
        4.541
    ],
    "Staffed All Beds [Per 1000 Adults (20+)]": [
        2.266,
        2.865,
        3.298,
        4.0634999999999994,
        5.761
    ],
    "Staffed All Beds [Per 1000 Elderly (65+)]": [
        9.158,
        13.2195,
        15.453,
        18.32,
        37.396
    ],
    "Staffed ICU Beds [Per 1000 People]": [
        0.134,
        0.1875,
        0.232,
        0.2825,
        0.571
    ],
    "Staffed ICU Beds [Per 1000 Adults (20+)]": [
        0.175,
        0.244,
        0.325,
        0.3805,
        0.724
    ],
    "Staffed ICU Beds [Per 1000 Elderly (65+)]": [
        0.728,
        1.182,
        1.427,
        1.8535,
        4.701
    ],
    "Licensed All Beds [Per 1000 People]": [
        2.105,
        2.6675,
        3.336,
        4.0385,
        6.66
    ],
    "Licensed All Beds [Per 1000 Adults (20+)]": [
        2.785,
        3.5309999999999997,
        4.4,
        5.4645,
        8.448
    ],
    "Licensed All Beds [Per 1000 Elderly (65+)]": [
        12.587,
        16.695999999999998,
        20.611,
        24.386,
        54.84
    ]
}