{
    "Staffed All Beds": [
        308.0,
        844.25,
        1549.5,
        3087.75,
        23177.0
    ],
    "Staffed ICU Beds": [
        18.0,
        77.0,
        152.0,
        303.5,
        2313.0
    ],
    "Licensed All Beds": [
        398.0,
        1214.5,
        2065.0,
        4179.25,
        30013.0
    ],
    "All Bed Occupancy Rate": [
        0.35,
        0.53,
        0.59,
        0.6525000000000001,
        0.82
    ],
    "ICU Bed Occupancy Rate": [
        0.1,
        0.54,
        0.62,
        0.685,
        0.91
    ],
    "Staffed All Beds [Per 1000 People]": [
        0.701,
        2.01975,
        2.5715,
        3.147,
        9.495
    ],
    "Staffed All Beds [Per 1000 Adults (20+)]": [
        0.918,
        2.6999999999999997,
        3.4175,
        4.17875,
        12.285
    ],
    "Staffed All Beds [Per 1000 Elderly (65+)]": [
        4.689,
        12.151500000000002,
        15.21,
        19.293,
        58.095
    ],
    "Staffed ICU Beds [Per 1000 People]": [
        0.063,
        0.183,
        0.24,
        0.318,
        1.235
    ],
    "Staffed ICU Beds [Per 1000 Adults (20+)]": [
        0.082,
        0.23975,
        0.318,
        0.42,
        1.651
    ],
    "Staffed ICU Beds [Per 1000 Elderly (65+)]": [
        0.418,
        1.0915,
        1.426,
        1.8432499999999998,
        6.878
    ],
    "Licensed All Beds [Per 1000 People]": [
        0.701,
        2.6235,
        3.5199999999999996,
        4.4765,
        12.956
    ],
    "Licensed All Beds [Per 1000 Adults (20+)]": [
        0.918,
        3.5045,
        4.6465,
        5.97025,
        16.764
    ],
    "Licensed All Beds [Per 1000 Elderly (65+)]": [
        4.689,
        15.958499999999999,
        20.64,
        26.637,
        79.274
    ]
}