{
    "Staffed All Beds": [
        308.0,
        840.5,
        1549.5,
        3087.75,
        23177.0
    ],
    "Staffed ICU Beds": [
        18.0,
        75.5,
        151.0,
        305.75,
        2313.0
    ],
    "Licensed All Beds": [
        370.0,
        1139.0,
        2006.5,
        3914.5,
        27506.0
    ],
    "All Bed Occupancy Rate": [
        0.35,
        0.53,
        0.6,
        0.67,
        0.86
    ],
    "ICU Bed Occupancy Rate": [
        0.1,
        0.54,
        0.62,
        0.69,
        0.96
    ],
    "Staffed All Beds [Per 1000 People]": [
        0.701,
        2.01525,
        2.578,
        3.147,
        10.145
    ],
    "Staffed All Beds [Per 1000 Adults (20+)]": [
        0.918,
        2.63725,
        3.4455,
        4.1935,
        13.127
    ],
    "Staffed All Beds [Per 1000 Elderly (65+)]": [
        4.689,
        12.1455,
        15.21,
        19.2975,
        62.074
    ],
    "Staffed ICU Beds [Per 1000 People]": [
        0.063,
        0.183,
        0.2365,
        0.3155,
        1.235
    ],
    "Staffed ICU Beds [Per 1000 Adults (20+)]": [
        0.082,
        0.239,
        0.3155,
        0.41924999999999996,
        1.651
    ],
    "Staffed ICU Beds [Per 1000 Elderly (65+)]": [
        0.418,
        1.08325,
        1.426,
        1.82575,
        6.878
    ],
    "Licensed All Beds [Per 1000 People]": [
        0.775,
        2.55425,
        3.441,
        4.21925,
        12.613
    ],
    "Licensed All Beds [Per 1000 Adults (20+)]": [
        1.015,
        3.4490000000000003,
        4.551,
        5.66525,
        16.32
    ],
    "Licensed All Beds [Per 1000 Elderly (65+)]": [
        5.183,
        15.48625,
        20.3235,
        25.9545,
        77.174
    ]
}