{
    "Staffed All Beds": [
        308.0,
        840.5,
        1549.5,
        3087.75,
        23177.0
    ],
    "Staffed ICU Beds": [
        18.0,
        76.75,
        155.5,
        299.25,
        2313.0
    ],
    "Licensed All Beds": [
        370.0,
        1139.0,
        2006.5,
        3914.5,
        27506.0
    ],
    "All Bed Occupancy Rate": [
        0.35,
        0.53,
        0.6,
        0.66,
        0.82
    ],
    "ICU Bed Occupancy Rate": [
        0.1,
        0.54,
        0.62,
        0.69,
        0.91
    ],
    "Staffed All Beds [Per 1000 People]": [
        0.701,
        2.01525,
        2.5705,
        3.1455,
        10.256
    ],
    "Staffed All Beds [Per 1000 Adults (20+)]": [
        0.918,
        2.642,
        3.4175,
        4.178,
        13.27
    ],
    "Staffed All Beds [Per 1000 Elderly (65+)]": [
        4.689,
        11.832749999999999,
        15.189,
        19.293,
        62.749
    ],
    "Staffed ICU Beds [Per 1000 People]": [
        0.063,
        0.183,
        0.239,
        0.31275,
        1.235
    ],
    "Staffed ICU Beds [Per 1000 Adults (20+)]": [
        0.082,
        0.23975,
        0.315,
        0.41724999999999995,
        1.651
    ],
    "Staffed ICU Beds [Per 1000 Elderly (65+)]": [
        0.418,
        1.08325,
        1.426,
        1.816,
        6.878
    ],
    "Licensed All Beds [Per 1000 People]": [
        0.775,
        2.55425,
        3.441,
        4.21925,
        12.613
    ],
    "Licensed All Beds [Per 1000 Adults (20+)]": [
        1.015,
        3.4490000000000003,
        4.551,
        5.66525,
        16.32
    ],
    "Licensed All Beds [Per 1000 Elderly (65+)]": [
        5.183,
        15.48625,
        20.3235,
        25.9695,
        77.174
    ]
}