{
    "Staffed All Beds": [
        1131.0,
        3910.0,
        10873.0,
        18330.0,
        80802.0
    ],
    "Staffed ICU Beds": [
        69.0,
        310.5,
        923.0,
        1581.0,
        7152.0
    ],
    "Licensed All Beds": [
        1656.0,
        4575.5,
        14253.0,
        21755.0,
        86663.0
    ],
    "All Bed Occupancy Rate": [
        0.39,
        0.54,
        0.6,
        0.64,
        0.74
    ],
    "ICU Bed Occupancy Rate": [
        0.37,
        0.57,
        0.62,
        0.655,
        0.79
    ],
    "Staffed All Beds [Per 1000 People]": [
        1.783,
        2.137,
        2.455,
        2.8994999999999997,
        4.38
    ],
    "Staffed All Beds [Per 1000 Adults (20+)]": [
        1.783,
        2.137,
        2.455,
        2.8994999999999997,
        4.38
    ],
    "Staffed All Beds [Per 1000 Elderly (65+)]": [
        1.783,
        2.137,
        2.455,
        2.8994999999999997,
        4.38
    ],
    "Staffed ICU Beds [Per 1000 People]": [
        0.11,
        0.166,
        0.191,
        0.243,
        0.416
    ],
    "Staffed ICU Beds [Per 1000 Adults (20+)]": [
        0.11,
        0.166,
        0.191,
        0.243,
        0.416
    ],
    "Staffed ICU Beds [Per 1000 Elderly (65+)]": [
        0.11,
        0.166,
        0.191,
        0.243,
        0.416
    ],
    "Licensed All Beds [Per 1000 People]": [
        1.894,
        2.598,
        2.919,
        3.657,
        5.912
    ],
    "Licensed All Beds [Per 1000 Adults (20+)]": [
        1.894,
        2.598,
        2.919,
        3.657,
        5.912
    ],
    "Licensed All Beds [Per 1000 Elderly (65+)]": [
        1.894,
        2.598,
        2.919,
        3.657,
        5.912
    ]
}