{
    "Staffed All Beds": [
        271.0,
        865.5,
        1547.5,
        3099.5,
        22108.0
    ],
    "Staffed ICU Beds": [
        12.0,
        69.75,
        128.5,
        254.5,
        2085.0
    ],
    "Licensed All Beds": [
        308.0,
        1092.25,
        1839.0,
        3761.5,
        24184.0
    ],
    "All Bed Occupancy Rate": [
        0.34,
        0.52,
        0.58,
        0.63,
        0.89
    ],
    "ICU Bed Occupancy Rate": [
        0.15,
        0.53,
        0.61,
        0.66,
        0.93
    ],
    "Staffed All Beds [Per 1000 People]": [
        0.701,
        2.04175,
        2.584,
        3.19075,
        8.417
    ],
    "Staffed All Beds [Per 1000 Adults (20+)]": [
        0.918,
        2.73075,
        3.4635,
        4.18025,
        10.89
    ],
    "Staffed All Beds [Per 1000 Elderly (65+)]": [
        4.689,
        12.08075,
        15.4185,
        19.014,
        55.337
    ],
    "Staffed ICU Beds [Per 1000 People]": [
        0.037,
        0.16,
        0.208,
        0.262,
        1.235
    ],
    "Staffed ICU Beds [Per 1000 Adults (20+)]": [
        0.05,
        0.21375,
        0.281,
        0.353,
        1.651
    ],
    "Staffed ICU Beds [Per 1000 Elderly (65+)]": [
        0.228,
        0.948,
        1.268,
        1.5997500000000002,
        6.878
    ],
    "Licensed All Beds [Per 1000 People]": [
        0.701,
        2.37625,
        3.109,
        3.9455,
        9.713
    ],
    "Licensed All Beds [Per 1000 Adults (20+)]": [
        0.918,
        3.17575,
        4.1135,
        5.213,
        12.807
    ],
    "Licensed All Beds [Per 1000 Elderly (65+)]": [
        4.689,
        14.16275,
        18.0915,
        23.661749999999998,
        66.357
    ]
}