{
    "Staffed All Beds": [
        1.0,
        25.0,
        65.0,
        166.0,
        2753.0
    ],
    "Licensed All Beds": [
        1.0,
        26.0,
        77.0,
        200.0,
        2753.0
    ],
    "Staffed ICU Beds": [
        0.0,
        0.0,
        6.0,
        17.0,
        221.0
    ],
    "All Bed Occupancy Rate": [
        0.0,
        0.3011868,
        0.49841199999999997,
        0.67528155,
        1.0
    ],
    "ICU Bed Occupancy Rate": [
        0.0,
        0.0,
        0.1409132420091324,
        0.5743902439024391,
        1.0
    ]
}