{
    "Staffed All Beds": [
        1131.0,
        11089.875,
        21048.75,
        31007.625,
        40966.5,
        50925.375,
        60884.25,
        70843.125,
        80802.0
    ],
    "Staffed ICU Beds": [
        69.0,
        954.375,
        1839.75,
        2725.125,
        3610.5,
        4495.875,
        5381.25,
        6266.625,
        7152.0
    ],
    "Licensed All Beds": [
        1656.0,
        12281.875,
        22907.75,
        33533.625,
        44159.5,
        54785.375,
        65411.25,
        76037.125,
        86663.0
    ],
    "All Bed Occupancy Rate": [
        0.39,
        0.43375,
        0.47750000000000004,
        0.52125,
        0.565,
        0.60875,
        0.6525,
        0.69625,
        0.74
    ],
    "ICU Bed Occupancy Rate": [
        0.37,
        0.4225,
        0.475,
        0.5275000000000001,
        0.5800000000000001,
        0.6325000000000001,
        0.685,
        0.7375,
        0.79
    ],
    "Staffed All Beds [Per 1000 People]": [
        1.783,
        2.107625,
        2.43225,
        2.756875,
        3.0815,
        3.406125,
        3.73075,
        4.055375,
        4.38
    ],
    "Staffed All Beds [Per 1000 Adults (20+)]": [
        1.783,
        2.107625,
        2.43225,
        2.756875,
        3.0815,
        3.406125,
        3.73075,
        4.055375,
        4.38
    ],
    "Staffed All Beds [Per 1000 Elderly (65+)]": [
        1.783,
        2.107625,
        2.43225,
        2.756875,
        3.0815,
        3.406125,
        3.73075,
        4.055375,
        4.38
    ],
    "Staffed ICU Beds [Per 1000 People]": [
        0.11,
        0.14825,
        0.1865,
        0.22475,
        0.263,
        0.30125,
        0.33949999999999997,
        0.37775,
        0.416
    ],
    "Staffed ICU Beds [Per 1000 Adults (20+)]": [
        0.11,
        0.14825,
        0.1865,
        0.22475,
        0.263,
        0.30125,
        0.33949999999999997,
        0.37775,
        0.416
    ],
    "Staffed ICU Beds [Per 1000 Elderly (65+)]": [
        0.11,
        0.14825,
        0.1865,
        0.22475,
        0.263,
        0.30125,
        0.33949999999999997,
        0.37775,
        0.416
    ],
    "Licensed All Beds [Per 1000 People]": [
        1.894,
        2.3962499999999998,
        2.8985,
        3.4007499999999995,
        3.9029999999999996,
        4.40525,
        4.9075,
        5.40975,
        5.912
    ],
    "Licensed All Beds [Per 1000 Adults (20+)]": [
        1.894,
        2.3962499999999998,
        2.8985,
        3.4007499999999995,
        3.9029999999999996,
        4.40525,
        4.9075,
        5.40975,
        5.912
    ],
    "Licensed All Beds [Per 1000 Elderly (65+)]": [
        1.894,
        2.3962499999999998,
        2.8985,
        3.4007499999999995,
        3.9029999999999996,
        4.40525,
        4.9075,
        5.40975,
        5.912
    ]
}