{
    "Staffed All Beds": [
        0.0,
        25.0,
        50.0,
        209.0,
        22002.0
    ],
    "Staffed ICU Beds": [
        0.0,
        0.0,
        6.0,
        18.0,
        2077.0
    ],
    "Licensed All Beds": [
        2.0,
        25.0,
        74.0,
        257.0,
        24078.0
    ],
    "All Bed Occupancy Rate": [
        0.0,
        0.24,
        0.39,
        0.57,
        1.0
    ],
    "ICU Bed Occupancy Rate": [
        0.0,
        0.34,
        0.52,
        0.66,
        1.0
    ],
    "Staffed All Beds [Per 1000 People]": [
        0.0,
        1.294,
        2.0454999999999997,
        3.19325,
        32.945
    ],
    "Staffed All Beds [Per 1000 Adults (20+)]": [
        0.0,
        1.71175,
        2.724,
        4.2692499999999995,
        42.04
    ],
    "Staffed All Beds [Per 1000 Elderly (65+)]": [
        0.0,
        6.9239999999999995,
        11.165,
        18.28075,
        484.496
    ],
    "Staffed ICU Beds [Per 1000 People]": [
        0.0,
        0.0,
        0.112,
        0.22225,
        3.728
    ],
    "Staffed ICU Beds [Per 1000 Adults (20+)]": [
        0.0,
        0.0,
        0.147,
        0.29824999999999996,
        4.797
    ],
    "Staffed ICU Beds [Per 1000 Elderly (65+)]": [
        0.0,
        0.0,
        0.622,
        1.26,
        18.824
    ],
    "Licensed All Beds [Per 1000 People]": [
        0.092,
        1.535,
        2.494,
        3.9015,
        97.226
    ],
    "Licensed All Beds [Per 1000 Adults (20+)]": [
        0.128,
        2.04375,
        3.3385,
        5.21375,
        120.423
    ],
    "Licensed All Beds [Per 1000 Elderly (65+)]": [
        0.493,
        8.244,
        13.606,
        22.01075,
        484.496
    ]
}