{
    "Staffed All Beds": [
        271.0,
        3000.625,
        5730.25,
        8459.875,
        11189.5,
        13919.125,
        16648.75,
        19378.375,
        22108.0
    ],
    "Staffed ICU Beds": [
        12.0,
        271.125,
        530.25,
        789.375,
        1048.5,
        1307.625,
        1566.75,
        1825.875,
        2085.0
    ],
    "Licensed All Beds": [
        308.0,
        3292.5,
        6277.0,
        9261.5,
        12246.0,
        15230.5,
        18215.0,
        21199.5,
        24184.0
    ],
    "All Bed Occupancy Rate": [
        0.34,
        0.40875000000000006,
        0.47750000000000004,
        0.54625,
        0.615,
        0.6837500000000001,
        0.7525000000000001,
        0.82125,
        0.89
    ],
    "ICU Bed Occupancy Rate": [
        0.15,
        0.2475,
        0.345,
        0.4425,
        0.54,
        0.6375000000000001,
        0.735,
        0.8325,
        0.93
    ],
    "Staffed All Beds [Per 1000 People]": [
        0.701,
        1.6655,
        2.63,
        3.5945,
        4.559,
        5.523499999999999,
        6.4879999999999995,
        7.4525,
        8.417
    ],
    "Staffed All Beds [Per 1000 Adults (20+)]": [
        0.918,
        2.1645000000000003,
        3.4110000000000005,
        4.657500000000001,
        5.904000000000001,
        7.150500000000001,
        8.397,
        9.6435,
        10.89
    ],
    "Staffed All Beds [Per 1000 Elderly (65+)]": [
        4.689,
        11.02,
        17.351,
        23.682000000000002,
        30.013,
        36.344,
        42.675000000000004,
        49.006,
        55.337
    ],
    "Staffed ICU Beds [Per 1000 People]": [
        0.037,
        0.18675000000000003,
        0.3365,
        0.48625,
        0.6360000000000001,
        0.7857500000000002,
        0.9355000000000001,
        1.08525,
        1.235
    ],
    "Staffed ICU Beds [Per 1000 Adults (20+)]": [
        0.05,
        0.250125,
        0.45025,
        0.650375,
        0.8505,
        1.050625,
        1.25075,
        1.4508750000000001,
        1.651
    ],
    "Staffed ICU Beds [Per 1000 Elderly (65+)]": [
        0.228,
        1.05925,
        1.8905,
        2.7217500000000006,
        3.5530000000000004,
        4.38425,
        5.2155000000000005,
        6.04675,
        6.878
    ],
    "Licensed All Beds [Per 1000 People]": [
        0.701,
        1.8274999999999997,
        2.9539999999999997,
        4.080499999999999,
        5.206999999999999,
        6.333499999999999,
        7.459999999999998,
        8.5865,
        9.713
    ],
    "Licensed All Beds [Per 1000 Adults (20+)]": [
        0.918,
        2.404125,
        3.8902500000000004,
        5.376375,
        6.862500000000001,
        8.348625,
        9.83475,
        11.320875000000001,
        12.807
    ],
    "Licensed All Beds [Per 1000 Elderly (65+)]": [
        4.689,
        12.3975,
        20.106,
        27.8145,
        35.522999999999996,
        43.2315,
        50.94,
        58.6485,
        66.357
    ]
}