{
  "admis": {
    "lower": [
      0.0,
      298.4875,
      1072.70627663852,
      2128.38407081652,
      3304.8339151186797,
      5191.171520438521,
      8251.69059941521
    ],
    "mean": [
      0.0,
      352.486794319569,
      1323.9560000000001,
      2673.98675164186,
      4147.8955,
      6444.76291946224,
      9200.87589471438
    ],
    "upper": [
      0.0,
      819.5,
      2869.95734768908,
      6410.125,
      12639.248692975601,
      20280.6937350625,
      30327.5477152855
    ]
  },
  "totdea": {
    "lower": [
      0.0,
      1836.975,
      5014.6,
      10100.0,
      16603.0,
      24070.575,
      30188.0
    ],
    "mean": [
      0.0,
      3004.828,
      11279.746000000001,
      19469.0,
      33518.792,
      56496.445999999996,
      68840.962
    ],
    "upper": [
      0.0,
      5300.65,
      15851.4,
      32916.775,
      75319.925,
      140762.05,
      175964.7
    ]
  },
  "ICUbed": {
    "lower": [
      0.0,
      499.261270209838,
      1747.8764370485,
      3599.2636162876097,
      5466.0,
      8414.280692880391,
      14008.7461828443
    ],
    "mean": [
      0.0,
      603.374224224468,
      2253.487,
      4637.840999999999,
      7438.147,
      11406.399531257099,
      15951.6661295127
    ],
    "upper": [
      0.0,
      1133.56831842865,
      3978.7020950778,
      8462.675,
      17143.748227971002,
      31429.6655692089,
      46005.3199451908
    ]
  },
  "InvVen": {
    "lower": [
      0.0,
      441.5,
      1523.07881681839,
      3085.30035796387,
      4863.48069969655,
      7766.86842858788,
      12989.0671302921
    ],
    "mean": [
      0.0,
      526.937252223022,
      2015.168,
      4157.40424278956,
      6799.9245,
      10418.8517977432,
      14407.120650033401
    ],
    "upper": [
      0.0,
      1162.93065660475,
      3995.7,
      8540.175,
      17540.4392594546,
      30009.591588544,
      43297.558623207595
    ]
  },
  "bedover": {
    "lower": [
      0.0,
      572.8625,
      1752.6625,
      2892.4625,
      4030.7375,
      6694.9875,
      8721.7875
    ],
    "mean": [
      0.0,
      931.6188222391991,
      3122.8751816561103,
      5729.7,
      9667.363000000001,
      12979.565,
      16553.298
    ],
    "upper": [
      0.0,
      4952.425,
      17566.1125,
      32551.9,
      48170.0875,
      69722.6375,
      98076.1875
    ]
  },
  "allbed": {
    "lower": [
      0.0,
      1589.475,
      5247.075,
      11163.2368398966,
      18797.156309686798,
      31425.694670253302,
      51308.637756423304
    ],
    "mean": [
      0.0,
      2050.06500430816,
      7913.92683333333,
      16607.4085,
      27589.487027071402,
      43655.763255138,
      59572.32408950599
    ],
    "upper": [
      0.0,
      4385.1125,
      15230.35,
      32281.478133136403,
      68834.1553776567,
      128904.22441887,
      191692.25688059398
    ]
  },
  "deaths": {
    "lower": [
      0.0,
      69.0,
      254.0,
      514.0,
      793.0,
      1314.0,
      2007.0
    ],
    "mean": [
      0.0,
      80.527,
      289.413,
      570.0,
      894.548,
      1400.655,
      2150.024
    ],
    "upper": [
      0.0,
      184.0,
      641.15,
      1528.05,
      2845.25,
      4684.125,
      7083.725
    ]
  },
  "newICU": {
    "lower": [
      0.0,
      84.475,
      307.0,
      616.9875,
      928.5,
      1479.06500710085,
      2382.89380381658
    ],
    "mean": [
      0.0,
      90.3728009129759,
      326.423199893579,
      675.1375,
      1083.0985,
      1690.05005373352,
      2557.8012353875897
    ],
    "upper": [
      0.0,
      197.66363636363602,
      691.125,
      1516.825,
      3007.8982095805604,
      5340.25906673231,
      7834.415160315691
    ]
  },
  "icuover": {
    "lower": [
      0.0,
      217.06964285714298,
      844.95,
      2082.2047572834804,
      3602.9875,
      4864.95,
      6853.5559375
    ],
    "mean": [
      0.0,
      325.17900000000003,
      1169.183,
      2338.0415,
      3679.0555,
      5328.39593675056,
      7368.877470274929
    ],
    "upper": [
      0.0,
      1018.0375,
      3367.19595201239,
      6901.675,
      12464.785201666002,
      19686.4875,
      29277.804236361
    ]
  }
}