{
  "admis": {
    "lower": [
      0.0,
      52.2,
      218.552777777778,
      587.6625,
      1074.4875,
      1702.975,
      2330.8875
    ],
    "mean": [
      0.0,
      57.004117531196,
      221.844111111111,
      501.381133135329,
      939.691,
      1667.66,
      2460.769
    ],
    "upper": [
      0.0,
      125.736813186813,
      429.80476190476196,
      910.5375,
      1676.85,
      3307.575,
      6562.7125
    ]
  },
  "totdea": {
    "lower": [
      0.0,
      399.975,
      1132.0,
      2234.0,
      4483.0,
      8311.0,
      11007.9
    ],
    "mean": [
      0.0,
      547.513,
      1844.149,
      3925.923,
      7515.026,
      11909.451000000001,
      14541.611
    ],
    "upper": [
      0.0,
      850.125,
      2520.425,
      5007.475,
      9202.0,
      17577.725,
      25346.575
    ]
  },
  "ICUbed": {
    "lower": [
      0.0,
      102.575,
      392.303846153846,
      1021.0,
      2085.0,
      3663.9875,
      5499.0
    ],
    "mean": [
      0.0,
      115.27443421052601,
      452.962759700104,
      1095.75177150994,
      2179.459,
      3819.4965,
      5572.159000000001
    ],
    "upper": [
      0.0,
      288.64852941176497,
      1120.09022727273,
      2472.0,
      4305.0375,
      7022.775,
      11489.05
    ]
  },
  "InvVen": {
    "lower": [
      0.0,
      91.88235294117649,
      351.5,
      900.24375,
      1876.0,
      3369.0,
      5209.5
    ],
    "mean": [
      0.0,
      104.42672124183001,
      413.12341122333504,
      1007.35451547619,
      1981.1685,
      3416.4565,
      5245.741999999999
    ],
    "upper": [
      0.0,
      258.7140625,
      1009.2604166666699,
      2227.6875,
      3930.6375,
      6630.225,
      10886.4625
    ]
  },
  "bedover": {
    "lower": [
      0.0,
      3.484375,
      849.9625,
      1584.9875,
      1741.5,
      2067.975,
      2687.45
    ],
    "mean": [
      0.0,
      151.894691809579,
      711.237833259633,
      1629.24611040675,
      2557.24845976213,
      3355.7329146694,
      3992.1016691787
    ],
    "upper": [
      0.0,
      1302.9125,
      4431.737499999989,
      8160.4625,
      11719.2,
      14706.7,
      19660.8875
    ]
  },
  "allbed": {
    "lower": [
      0.0,
      363.034722222222,
      1348.3441287878802,
      3318.7,
      6389.2375,
      10303.9875,
      15697.45
    ],
    "mean": [
      0.0,
      409.825490970309,
      1520.5629027777802,
      3441.9285,
      6433.701999999999,
      10668.669,
      16491.872
    ],
    "upper": [
      0.0,
      869.5625,
      3009.9375,
      6426.05,
      11456.325,
      20074.4375,
      32670.8875
    ]
  },
  "deaths": {
    "lower": [
      0.0,
      13.0,
      56.0,
      149.0,
      282.0,
      458.0,
      800.0
    ],
    "mean": [
      0.0,
      13.442,
      55.111999999999995,
      143.392,
      273.0,
      474.05,
      800.0
    ],
    "upper": [
      0.0,
      34.05,
      133.05,
      300.0,
      578.05,
      1079.475,
      2162.675
    ]
  },
  "newICU": {
    "lower": [
      0.0,
      14.899722222222199,
      63.0,
      181.5,
      369.4875,
      638.9875,
      887.5
    ],
    "mean": [
      0.0,
      16.1330275234655,
      66.0835,
      167.3026,
      322.2455,
      565.505,
      903.4095
    ],
    "upper": [
      0.0,
      41.913446969697,
      161.55,
      363.5125,
      670.175,
      1307.9125,
      2275.425
    ]
  },
  "icuover": {
    "lower": [
      0.0,
      102.243333333333,
      533.775,
      1266.4875,
      2501.5,
      3734.475,
      4781.0
    ],
    "mean": [
      0.0,
      115.62846915511001,
      506.963251526333,
      1051.33462642994,
      1989.2695,
      3475.928,
      4854.159000000001
    ],
    "upper": [
      0.0,
      319.3975,
      1099.4375,
      2556.0125,
      4319.725,
      6304.775,
      10771.05
    ]
  }
}